"","baseMean","log2FoldChange","lfcSE","stat","pvalue","padj"
"STRIP2",933.970721211758,-2.24956302221979,0.365023433067485,-6.16279070994298,7.14739480376548e-10,1.37286834509145e-07
"CAMK1D",5164.51654080126,-1.35941346984949,0.253960769006795,-5.35284829686871,8.65804333329426e-08,1.07608019457848e-05
"CCDC3",213.045901714224,-1.71129159723391,0.308215701695779,-5.55225313901438,2.82010810149072e-08,3.84421671286272e-06
"SEMA3E",44.637080369498,-3.27459509249498,1.03406679739714,-3.16671524580183,0.0015417120245117,0.0397855852676661
"SLC26A5",3438.52543400331,1.04474566512744,0.258709558866654,4.03829556860685,5.38409864014373e-05,0.00294206648678855
"SYPL1",15.1510663996622,2.74566902571366,0.843349308457449,3.25567235092148,0.00113124214217636,0.0319221801823156
"NAMPTP1",10386.5121985855,1.66121780508236,0.352806401793393,4.70858180758066,2.49446250388443e-06,0.000216225126682864
"LMOD2",2847.35463375601,-4.17849535031586,0.885130395045811,-4.72076811925502,2.34955670358809e-06,0.000209023984003944
"KCND2",10.6580453880513,-2.73476604143759,0.802607063895237,-3.40735356622098,0.000655960954198424,0.0208415564075488
"CTTNBP2",1798.82220400585,1.395916643072,0.224953810435784,6.20534784615475,5.45760517199309e-10,1.08529294379058e-07
"PPP1R3A",29677.0433244814,1.22781382934926,0.261777565480788,4.69029432332838,2.72812338339025e-06,0.000231725977635404
"PRLL",12.8170977469692,2.56804068765605,0.812630325112627,3.16015857185754,0.00157683294493026,0.0403836473759941
"FAM19A2",9.15458657819195,-3.59090068823367,1.1740405392649,-3.05858321594416,0.00222386305374438,0.0498462291001628
"HIST1H4I",141.45248151098,1.17391485155437,0.283584769897682,4.1395553505145,3.47979636646076e-05,0.00203525944575385
"PVALB",12847.6867988226,-7.71302965984152,1.00251797086055,-7.69365725506218,1.42987773329159e-14,7.1085950958317e-12
"MB",23809.3777625241,-4.08655748707423,0.758917166416399,-5.38472137396882,7.25569544162387e-08,9.08466815183468e-06
"HMOX1",1967.40238871025,-1.70484088721661,0.553182954230738,-3.08187530757773,0.00205700984788473,0.047564483527764
"TIMP3",32756.6170996651,-1.53488653568861,0.34336821974226,-4.47008909805553,7.81870191995119e-06,0.000566694345674116
"TXNRD1",948.116999973548,-1.07184398034874,0.336899515579976,-3.1814945726578,0.00146517268125215,0.0383966105910157
"PAH",15.753423352486,2.72067823440406,0.650768932423591,4.18071315155092,2.90596262982131e-05,0.00175825222250629
"LOC121109115",20.5667179662601,7.96960283544005,1.39873443919599,5.69772403689516,1.21417373388557e-08,1.83242666284535e-06
"MYBPC1",27735.2998572144,-4.63460883262793,0.523310214064394,-8.85633169020781,8.26905878969179e-19,6.65580479629335e-16
"LOC112533534",229.727274520144,-5.37238922921267,0.713899319786157,-7.52541581188497,5.25528070091487e-14,2.53800027678754e-11
"PTN",398.593175531061,-2.02668727549536,0.616867347279019,-3.28545072848322,0.00101819348671673,0.0295206252246534
"LRTM2",21.5666484993966,-2.42045302971078,0.67085781509731,-3.60799706769412,0.000308569976695418,0.0121899872154674
"BPGM",29817.425445655,3.19728833596702,0.298806584478485,10.7001937107488,1.01565669523878e-26,1.71676451196212e-23
"LOC107053343",485.121593974104,1.12318433116321,0.181300887260426,6.19513973778754,5.82333429098503e-10,1.14455604093628e-07
"RERG",1044.34059340433,-1.46398356534832,0.312325782828987,-4.68736058895885,2.76751099790711e-06,0.000233105514164128
"LDHB",4848.36740619397,-1.39141965347806,0.332390843161131,-4.18609502068488,2.83794581924369e-05,0.00173553210208772
"LOC124417680",19.0019845285008,2.11998794859566,0.563877530930074,3.75966026718407,0.000170144251784549,0.00752866043956604
"TIGAR",1023.07982191488,1.40489286248253,0.372342972813411,3.77311501776764,0.000161221916707429,0.00720934936006793
"LOC112530139",120.287482075402,1.45388800805724,0.338673318543143,4.29289208347257,1.76360737344312e-05,0.00115097511325517
"NTF3",66.1217495029825,-1.32583312804257,0.40170231657618,-3.30053642543816,0.000965001860016714,0.0283676981562826
"VAMP1",521.896337966497,1.61561329130936,0.234287511716082,6.89585748499997,5.3540850997786e-12,1.67592778595477e-09
"SCNN1A",178.685131331502,1.35090886826422,0.342144230328007,3.9483608037731,7.86881480023536e-05,0.00404275308718475
"CNP1",115.991858665881,2.41473707757415,0.347503219957753,6.94881928825788,3.68356028455203e-12,1.19736960557275e-09
"GAPDH",1672362.25171525,1.28002434904538,0.293346429876489,4.36352455212876,1.27983569512241e-05,0.000877158104627491
"TPI1",92070.9871672643,1.51049480188956,0.230344598658597,6.55754383079034,5.47012357423091e-11,1.28418748298924e-08
"TBX15",5512.10268990785,-1.21413735229833,0.370475046749258,-3.27724461593784,0.00104825510949283,0.030031620535182
"LOC107054727",183.949793467082,1.45579799173244,0.277810587808026,5.24025381184691,1.60355887695402e-07,1.90879969698267e-05
"CCDC181",46.1728053808334,1.40979980637051,0.41077985348736,3.4320081532769,0.000599129545942238,0.019495533826655
"TMEM45B",157.528726828905,-1.01309665928203,0.319437297271833,-3.17150397882283,0.00151651790609462,0.039255286625907
"MAP3K7CL",726.873874797291,1.69952831657386,0.520897783224885,3.26269063011184,0.00110359921937247,0.0313119899938562
"GART-B",52.250924947916,1.73756471058525,0.568454035676248,3.05664944135404,0.00223825876394862,0.0498462291001628
"LOC121107509",116.328245249444,7.26617500852268,0.775955206347104,9.36416812347843,7.66517125269535e-21,9.25459926316496e-18
"ABCG1",849.48260176917,-1.98173958710798,0.396714929677362,-4.99537435790398,5.87217445378531e-07,6.24260155926623e-05
"LOC101750611",3038.97205683243,3.06678045931985,0.865658813549854,3.54271268462426,0.000396033926918735,0.0146480557258367
"SRPX",845.745939069157,-1.37078075654506,0.303433514352304,-4.51756543594426,6.25546997602109e-06,0.000465798277553676
"ARX",899.660832727427,-1.74612251453464,0.372543271964427,-4.68703274475287,2.77194630225343e-06,0.000233105514164128
"SMPX",7478.79577791689,-1.40433745409346,0.379503886106287,-3.70045605725406,0.000215212345429245,0.0091630586266764
"KLHL34",3969.92832846136,1.26035349080897,0.295227395508412,4.26909395938175,1.96268584558617e-05,0.00125663935030087
"NHS",218.717853853455,-1.17560729814544,0.24490955417666,-4.8001691975538,1.58531636391405e-06,0.000148870013884662
"RGN",1329.80099034829,1.0462324026918,0.290561282056701,3.60072889025743,0.00031732633099094,0.0123874525929327
"ADPRHL1",2978.08948463237,-4.90149504273787,0.541144578790329,-9.05764417652422,1.33298281589326e-19,1.18586360721283e-16
"LOC121109116",3180.54640228483,-4.61900390254064,0.551936855236323,-8.36871801315555,5.82484551307308e-17,3.39508150715428e-14
"LOC107050459",40.3202828585805,1.85304768893182,0.501786243328437,3.69290253283995,0.000221709013200232,0.00934550486315091
"TEX30",393.433056927978,-3.83727788032821,0.481283148927469,-7.9730152382844,1.54849073394166e-15,8.17941839869245e-13
"METTL21C",830.400565081474,-4.55157738311888,0.945840596292131,-4.81220345263452,1.49275274011616e-06,0.000142553669865443
"FGF14",112.506989853843,-2.59722388100099,0.395733446643517,-6.56306385783109,5.27132591190967e-11,1.25494678716914e-08
"NALCN",259.568947231469,-1.06955268184717,0.286266340212105,-3.73621530583965,0.000186810731357841,0.00811738249907865
"CLDN10",70.8000523690337,-2.98618011751019,0.761879274795257,-3.91949251843434,8.87356156178353e-05,0.00446398247258414
"SLC25A30",4516.30484890605,1.87255701784714,0.605443708271777,3.0928672513458,0.00198232787108137,0.0462807845371388
"ARL11",108.645283654975,-1.17652534885208,0.384044568490511,-3.06351253313233,0.00218755041584124,0.049301552905286
"LOC124417662",56.0130901591713,1.66844660016206,0.466523775573299,3.57633777209264,0.000348441381778739,0.0133251237018236
"CRYL1",2769.25315209874,1.87385943556956,0.205639759846192,9.11234012805264,8.0623834232977e-20,8.51740418775006e-17
"GJB6",64.0205747990782,2.95088378762965,0.800698721510625,3.68538591152289,0.000228356360078761,0.00953063593681803
"GRIA4",26.7297003241089,-2.60156713323953,0.736112431592424,-3.53419806755822,0.000409014447858056,0.0148602381266119
"PANX1",363.235545979254,-1.59685814615935,0.451622989643039,-3.53582121100942,0.000406509711996485,0.014838786751102
"PAK1",765.720199251835,-1.7502199693286,0.381209074419405,-4.59123375274906,4.40633492236434e-06,0.000352987105178789
"PGM2L1",3197.89160341266,1.2959356036598,0.192267394506114,6.74027755454186,1.5808435503041e-11,4.17515602043596e-09
"UCP3",20507.5597885296,1.54754058477069,0.419309969513244,3.69068397435708,0.000223651862206402,0.00938061396246853
"ABCF2",8893.57781537832,1.59076804714015,0.203388922552573,7.82131114701665,5.2275953265399e-15,2.67763769104557e-12
"KCNH2",1765.82995751776,-1.62067999935132,0.324580719069262,-4.99314932815059,5.94025924422957e-07,6.27551262532578e-05
"LOC769510",277.150915946532,-1.12196608163461,0.262330162848161,-4.27692366540409,1.89493743462048e-05,0.00122252394875534
"MYL3",4594.27179189853,-9.58765932875996,1.54961773904184,-6.18711252924104,6.12762247890194e-10,1.19051957196413e-07
"LOC101748313",69.0224042536262,1.99153141237817,0.372327677920342,5.34886749086714,8.85063107434532e-08,1.09198698576393e-05
"CRHR2",996.670339887579,1.49267663154802,0.395049944181866,3.77845043020903,0.000157807255602299,0.00707537411524045
"INSIG1",1131.77499378821,2.10343211443496,0.477007190066693,4.40964446288716,1.03540468635848e-05,0.000726201054502793
"EN2",729.596016646679,-10.7574956091746,0.950566512250311,-11.3169309780417,1.08193579588199e-29,2.6125658225419e-26
"PTER",845.856607669028,1.26804669452915,0.255148631807804,4.96983536828971,6.70097737137083e-07,6.90650125050494e-05
"LOC420552",74.1287370702741,1.6932211077816,0.494067728849367,3.42710322676799,0.000610057113267549,0.0197166259762168
"ACCSL",1389.10383748064,1.53114970512843,0.424606378681742,3.60604499132145,0.000310899256428214,0.0122212328637351
"LOC112531701",18.4745543483924,4.02679103789268,1.1245531154019,3.58079221225006,0.000342554000039727,0.0131394079728939
"DNAH11",15.2885439945237,3.92664617142399,1.21174569112624,3.24048700992239,0.00119325708879884,0.0332832088646317
"HOXA6",411.712046213727,1.16656071752587,0.326942264116114,3.56809395897365,0.000359587565004744,0.0135975584144859
"HOXA7",2504.2849932466,1.57787420080815,0.229089146186718,6.88759911620653,5.67418383226919e-12,1.74383144212447e-09
"HOXA13",75.7650515417105,-5.85457449204112,0.696781542889175,-8.40230995178974,4.37780494373143e-17,2.64278703442473e-14
"HIBADH",3456.80104416643,1.39336346547798,0.297842791203047,4.67818428591105,2.89426372864872e-06,0.000242186830719551
"ZNF385D",1262.43954741262,-2.04189327550316,0.321946170831672,-6.34234372233224,2.26295720992566e-10,4.8418690784017e-08
"THRB",60.5012260840156,-1.63988921964803,0.536466853626948,-3.05683232535441,0.00223689366308441,0.0498462291001628
"GADL1",7549.91812366722,1.66303168400252,0.352565426499615,4.71694488173059,2.39412516231029e-06,0.000210770300096515
"COL6A6",92.0163176882553,-1.4836514494463,0.474611688153059,-3.12603226275337,0.00177182112350993,0.0431543118885999
"LOC107052521",42.7562862670676,3.02539769216561,0.843442074621162,3.58696558210531,0.000334548461530068,0.0129402120028438
"EEPD1",1535.34442651236,1.15241640750682,0.257847794331934,4.46936693987492,7.84514446475437e-06,0.000566694345674116
"STK17A",298.442486829037,-1.97170290546099,0.503166752917568,-3.9185874146657,8.90694272590255e-05,0.00446747931441931
"BLVRA",423.97533377992,-1.5274552490145,0.254992914583659,-5.99018702738648,2.09599859784041e-09,3.61516982645882e-07
"NRSN1",853.300761577701,1.10359023356069,0.243048013518491,4.54062642843501,5.60873337411342e-06,0.000425131929249503
"TPMT",757.522372570321,1.05607316395671,0.230201452936492,4.58760425047385,4.48361547615523e-06,0.000357483737704962
"MAK",127.6948714632,2.34509820606814,0.325044607906926,7.21469653402048,5.40543858077754e-13,2.07654837115643e-10
"LOC420860",13820.7668624259,1.17282860559547,0.198480461865924,5.90903807140337,3.44111175770416e-09,5.53953448004509e-07
"SBK2",1795.15332106157,2.62139131008372,0.573888823367022,4.56776853520851,4.92943939854877e-06,0.000387545647226371
"LOC770405",4.59330426999895,6.0314668902127,1.47467116377744,4.09004192823762,4.31295215168833e-05,0.00243818830167183
"LOC420965",133.271555042143,-1.22013528624912,0.386052005703978,-3.1605464243714,0.00157473508048607,0.0403836473759941
"TMEFF1",39.7446995135281,1.4283161587285,0.413119921442113,3.45738872563335,0.000545437445156311,0.0181486794005455
"CBLN2",13.0973497799895,4.60569490105245,1.15468618661202,3.98869836190392,6.643683563231e-05,0.00350931822716543
"IMPA2",3874.3592310284,1.42239504663308,0.312408721262319,4.55299404218213,5.28877714945361e-06,0.000406346364350975
"EMILIN2",3466.64073067671,-1.28261273506948,0.365509099992085,-3.5091130018302,0.000449603836825703,0.0158021632129006
"LOC101749116",67.6295004811599,9.00684029961909,1.39175876815317,6.47155276166928,9.70008751187261e-11,2.15737604227872e-08
"C8orf22",189.871919245981,-3.27592153106276,0.712118090459827,-4.60025040081124,4.21983377361921e-06,0.000339656429883264
"LY96",223.644004505856,1.02908750338737,0.331843397303567,3.10112393903071,0.00192787579524326,0.04550773071213
"GDAP1",46.7337437718261,-1.9118503741328,0.555439276205066,-3.44205110447924,0.000577321171405941,0.0190171034010931
"NECAB1",49.6758439638662,-2.3822872823475,0.582122963152485,-4.09241248523547,4.26908381865768e-05,0.00242148737539499
"OSR2",705.944188830344,-1.18267239078584,0.31017624144809,-3.81290451281635,0.00013734318478661,0.00629136003373458
"LOC107052785",159.107319385413,-5.11701791345147,0.594071795805803,-8.61346717615287,7.08835286470074e-18,4.946580050576e-15
"EFEMP1",2751.5849801966,-1.09249414719285,0.294310715204139,-3.71204339751979,0.000205592725052411,0.00882013662832717
"LGALSL",3521.35753211866,1.01815714979069,0.330803143672118,3.07783396036846,0.00208511057695898,0.0480171990222584
"MEIS1",538.690985621951,1.27961907334495,0.24889129669863,5.14127689605142,2.72877548175942e-07,3.09560348779728e-05
"BFSP1",101.895843281511,2.45022008666889,0.693793669741337,3.53162646696156,0.000413012315187307,0.0149489232625504
"TTL",13988.8643753562,1.34245586956133,0.187235878158435,7.16986446596187,7.50720512044051e-13,2.75857148153926e-10
"ENTPD6",1535.99461283193,1.0278030835085,0.283595722779662,3.62418400896351,0.000289875180767249,0.0116660956678781
"LOC421356",96.7182933863335,-1.27608708893586,0.39566174818997,-3.22519701430215,0.0012588600597719,0.0346555563360331
"USH2A",255.853445026801,2.75101067155557,0.461257318285501,5.96415614993626,2.45901500881969e-09,4.11531987070091e-07
"SYT14",441.479370081757,1.47628462152054,0.412301046579212,3.58059877307857,0.000342807721472295,0.0131394079728939
"SIX3",19.3994892952575,-6.01088082561878,1.38294173442903,-4.34644546185488,1.38361433574613e-05,0.000939246309924373
"TTC7A",2085.28085816282,1.34998807650455,0.368388153521767,3.66458058870448,0.000247744225437406,0.0101395172943547
"LOC421415",56.6983261349386,-1.33565061188288,0.401821778313919,-3.3239876083556,0.000887401388817696,0.0264545779103801
"PLB1",59.3427027529947,-2.04678162648215,0.580929033935621,-3.52329029350765,0.000426224242943332,0.0151673018494129
"GLO1",17257.1424500517,1.08860784802748,0.149519358108954,7.2807150980023,3.32055279639303e-13,1.4391616389085e-10
"GREM2",149.648754178766,-2.40283153625624,0.341186666872971,-7.04257161711084,1.88723775699357e-12,6.37999596129245e-10
"FMN2",31.4858344286445,-1.36260754005754,0.391536770027533,-3.48015217054,0.000501129064046795,0.0170082481618917
"DACT2",227.582982463678,-1.38283779448123,0.42381391346006,-3.26284189962429,0.00110301034952778,0.0313119899938562
"LOC107053062",17.6655069500551,-3.50868891010039,0.90023814532695,-3.89751192871982,9.71860366327276e-05,0.00477539411977615
"VIP",23.1979310518797,-2.78408443686869,0.801550898300428,-3.47337198769527,0.000513962474435784,0.0173057922418089
"SYNJ2",639.007316742383,-1.18446600730852,0.27540750975684,-4.30077599682846,1.70201042367277e-05,0.00112819930162121
"ARFGEF3",460.724550655359,-1.90601172440938,0.283652636095064,-6.71952762593256,1.8231461812856e-11,4.66918786398038e-09
"AKAP7",707.407919110016,1.08214275920915,0.192510558874727,5.62121249626279,1.89621859613278e-08,2.71625279071461e-06
"LOC121110170",26.0822498073906,1.25727745156479,0.385438012821293,3.26194461818097,0.00110650758802577,0.0313119899938562
"NT5DC1",1032.61425538866,1.82203911447264,0.279747095103398,6.51316544966871,7.3583383274852e-11,1.65837323665976e-08
"LOC121110442",187.843300484358,1.05974865628221,0.222559667498605,4.7616383875522,1.92027546662134e-06,0.000176404435936415
"SESN1",22047.8903663926,1.08889054713099,0.261421891622475,4.1652615256242,3.10995854336288e-05,0.00185097286121347
"LOC121110447",81.7348966044851,1.38223793587408,0.41249228185986,3.35094254283206,0.000805370108364389,0.0245282359309609
"CD109",252.467221047617,-1.40359056013592,0.337512932764707,-4.15862748914103,3.20165524789364e-05,0.0018988624089525
"COL19A1",662.494891308416,-2.08138420946673,0.319396579734026,-6.51661395748188,7.19121819656643e-11,1.64261028616976e-08
"BAG2",6206.17928550342,1.43465298419763,0.213575191856107,6.71732035790095,1.85096739265442e-11,4.66968684149816e-09
"CSMD1",38.8394771387203,3.72992243784835,0.588086242970858,6.34247524479701,2.26102550504721e-10,4.8418690784017e-08
"KCNF1",43.2329229244236,-5.70825985153353,1.14697290981196,-4.97680442380227,6.46425769502235e-07,6.70339557171551e-05
"LOC101748134",105.502095266904,2.71378694249307,0.495355363214706,5.47846484366581,4.29031807335234e-08,5.71017688140745e-06
"WDCPL",46.9324300205848,2.90730252485637,0.518623679573322,5.60580366721443,2.07290834928444e-08,2.93018598170738e-06
"PNOC",26.404162625252,3.5176151409,0.860647784888592,4.08717154992195,4.36664236904259e-05,0.00246031186546423
"AR",2859.00563636624,-1.31913188267508,0.274345708904262,-4.80828327129189,1.52231949824419e-06,0.000144560485836076
"PHKA1",37793.7259180398,1.17243292715382,0.248777141211663,4.71278398587392,2.44355190396366e-06,0.000214007035402579
"LOC101748744",96.243667603328,-2.26858179025349,0.533821238137794,-4.24970313689151,2.14054012351938e-05,0.00136020863563338
"FRMD7",27.4499019925584,1.64446256853231,0.455185578148552,3.61272994461093,0.000302990214931988,0.0120290217943422
"FHL1",42852.1905451899,-2.8475276501597,0.330729369380722,-8.60984210592358,7.31612738948115e-18,4.946580050576e-15
"NOX1",120.181875501205,1.55603217125619,0.413258152811953,3.7652788230998,0.00016636333177634,0.00740010367635653
"PCDH11X",183.615355088374,-1.79212223309991,0.447953685554706,-4.00068643453778,6.31590043107374e-05,0.00336774968411481
"LOC107052086",75.4026813373163,3.21752212167028,0.848007914457524,3.79421237327549,0.000148112863359493,0.00670644572866474
"PGK2",111815.878434131,1.95408236474951,0.19357659947441,10.0946207860617,5.83561832200827e-24,8.96722331790053e-21
"CHRDL1",470.176702461048,-1.76772267117202,0.435145440649517,-4.06237203941155,4.85765765055689e-05,0.00268330023749553
"TMEM164",2927.76707439019,1.19718219387033,0.305355684522854,3.92061538248761,8.8323134229948e-05,0.00445649533698152
"ATP1B4",12320.6152038037,1.06245913686389,0.289864466019782,3.66536523587332,0.000246985844988179,0.0101330139267844
"IL1RAPL2",168.355733935303,-1.53992131760998,0.340796078142275,-4.51860046630905,6.22497341086377e-06,0.000465578431698364
"CPE",822.896444462858,-1.19963401850971,0.391431305195054,-3.06473703709499,0.00217861457782409,0.0492314468034233
"LOC101751121",18.9371696856165,4.86239363299627,1.13188469796656,4.29583829672014,1.74034412190263e-05,0.00114463177791907
"MGAT4D",13.6064767027091,2.21806571960479,0.665866959699445,3.33109442854164,0.00086505252640069,0.0258796156703555
"FHIP1A",434.875593216356,1.10601763602451,0.291081191642743,3.79968774273115,0.000144878521160905,0.00658301516984618
"ETNPPL",3597.3473025529,1.53597918452076,0.360040343840374,4.26613075672917,1.98892239490907e-05,0.00126863227325087
"CYP2U1",806.09947254232,1.05228020959883,0.282611679217121,3.72341374041515,0.000196547033239827,0.00851855000731488
"DKK2",108.116110861885,-3.1029649355202,0.365222696291158,-8.49609010346522,1.96083806083067e-17,1.27477099008542e-14
"LOC107051761",16.0841770439845,-1.71286114785212,0.557844724434735,-3.07049806662197,0.00213702069825759,0.04875186261419
"HAND2",78.484696674491,-1.64246145637754,0.506757940160005,-3.24111637177099,0.00119062568525215,0.0332647040625077
"DMP1",104.549523451082,2.0565444202776,0.489871117292826,4.19813364715741,2.69123796071538e-05,0.00167242629595486
"STBD1",21967.5676962716,1.31594615998869,0.253340329204606,5.19438087145569,2.05402248632173e-07,2.36184640042832e-05
"FAT4",876.825204832866,-1.03717257306871,0.265175249792297,-3.91127216390327,9.181124074383e-05,0.00456436883027341
"MYOZ2",3649.85954616365,-3.2712484567917,0.543844082482301,-6.01504836066348,1.7983300525151e-09,3.16637217475654e-07
"PITX2",662.923171571657,-3.64692092011241,0.60453933628764,-6.03256182220905,1.61380572279853e-09,2.87698598710474e-07
"UNC5C",63.4475861421505,-3.3519062566972,0.560408250384447,-5.98118649109422,2.2151807740236e-09,3.78214147710312e-07
"MTMR7",314.926359403608,1.09409224054138,0.229603860742258,4.76512998084801,1.88731944667607e-06,0.000174324374902544
"CHRNA9",32.141150513329,5.26057787509717,0.918895420323089,5.7248929081043,1.03499007826851e-08,1.59040339027025e-06
"LGI2",88.4293801643229,-1.26094993965522,0.349553699345055,-3.60731396068134,0.000309383216910343,0.0121899872154674
"LOC101750862",127.428904223528,1.28111976916393,0.32477116504949,3.94468446411708,7.99051242327974e-05,0.00406818167140655
"LOC124417906",27.2316553455705,-2.69353524300678,0.771831566806764,-3.48979668472297,0.000483388158604306,0.0165398988762927
"NKX3-2",50.8850222703126,-1.63505891513338,0.519799236668773,-3.14555851526823,0.00165770030143107,0.0417587305440973
"CPZ",172.681225436387,-2.52830243308645,0.717832648259128,-3.52213352125741,0.000428088473793072,0.0151697682862145
"ADRA2C",63.00777487876,-1.35511228404247,0.434579863005027,-3.11821232275273,0.00181951673023713,0.0438109562552681
"LOC121110567",65.7059290189669,1.07088781838846,0.350266888866108,3.05734813203486,0.00223304763691413,0.0498462291001628
"LOC121110770",10.7106479023764,-4.64320428258125,1.23783441834246,-3.75107059052275,0.000176081112824401,0.00775077877622616
"RNF24",597.737272386274,-1.41321154801898,0.313477155008928,-4.50818034245184,6.53859881405936e-06,0.000482628540410679
"LBX2",259.972545026395,-2.95596407767924,0.572439476999723,-5.16380193269004,2.41983749555072e-07,2.7636833234658e-05
"CLCF1",44.7604871472698,-2.47560984947343,0.591414628776315,-4.18591243607833,2.84022833654253e-05,0.00173553210208772
"CARNS1",7300.6757648565,2.30244528973678,0.441310859856517,5.2172867227545,1.81563094528172e-07,2.11652481848945e-05
"LOC107056413",284.848105167146,1.13875648573124,0.356409306321843,3.19508067138665,0.00139791760152304,0.0372110255410141
"VPS37C",3062.31991165901,1.4011596963813,0.205868471938582,6.80609169139469,1.00285809280204e-11,2.87310344790387e-09
"LOC428824",522.34717028648,-1.54740630977013,0.447875981272157,-3.4549883773067,0.000550316545100681,0.0182750502197187
"TPH1",243.305813840702,2.10529679346274,0.431273171853765,4.88158534047788,1.05236362263766e-06,0.000104023990137102
"LDHA",351198.729855112,1.78599643781991,0.217659086899392,8.20547611065484,2.29678858991809e-16,1.25234250114146e-13
"RASSF7",91.858054308659,-1.11107645699759,0.339213415899597,-3.27544962822594,0.00105493925364448,0.0301719766571111
"SMTNL1",908.880033959455,-2.38647895106686,0.417033862356168,-5.72250641131075,1.04963882149147e-08,1.59838243240273e-06
"RTN4RL2",2605.95786763576,-1.76898335304806,0.368323685897251,-4.80279553224697,1.56465638764873e-06,0.000147750764918584
"LRRC55",8.14204187065138,-5.00179313283935,1.46874312490208,-3.40549211637864,0.0006604492040585,0.0209188496236595
"INCENPL",122.863628828015,-3.31016562484001,0.491013269629416,-6.74149932310036,1.56760466428931e-11,4.17515602043596e-09
"LRRC4C",54.9686058065269,2.08113809605609,0.50762458167356,4.09975830798994,4.13581828687368e-05,0.00236975377976359
"PRDM11",2438.14071183936,-1.19705381823329,0.224711386674516,-5.327072365795,9.98084063603305e-08,1.21371330410695e-05
"PLA2G4B",195.674900660139,2.1310224756698,0.429659136465853,4.95979788350006,7.05665617076324e-07,7.18546140086814e-05
"GANC",3269.19700071324,1.67105595966025,0.182239665983006,9.16955126452044,4.74992151697591e-20,5.35252822676292e-17
"RGS6",32.1371982016873,-2.6659327158587,0.85423073064034,-3.12085789030359,0.00180325031691643,0.0436225400897754
"SLC8A3",822.806673588937,-1.29276736376284,0.283723725656814,-4.55643024132054,5.20303079843765e-06,0.000401583696739687
"RYR3",29441.863760591,1.39461303843103,0.29831198270062,4.6750151495947,2.93931920662922e-06,0.000244745382017999
"COCH",90.9814045955002,-3.17121975404585,0.819379348530997,-3.87027054041732,0.000108714640733236,0.00525029592089682
"EGLN3",858.617412454514,1.68203311767644,0.321922607958201,5.22496114312929,1.74191685624542e-07,2.04469587646641e-05
"BEGAIN",77.3361061206005,2.56217105961465,0.481623849176332,5.31985918885962,1.03847595709815e-07,1.25381136448786e-05
"CLBA1",137.612427440552,-1.64196835507711,0.322698913362611,-5.08823639338399,3.61408697324088e-07,3.94122013604456e-05
"PRKCH",255.302791970274,1.2970739527241,0.402570638917496,3.2219785233516,0.00127308677468411,0.0349899330407381
"PCNX4",590.395498581215,-1.20699303642248,0.254209458083021,-4.74802568529255,2.05411954624598e-06,0.00018567263470693
"NRG3",141.932518138397,-4.36672694114483,0.769891242563976,-5.67187506459,1.41242970194436e-08,2.06342336944171e-06
"NRBF2",3973.63109322871,1.2041673860807,0.384432514088896,3.13232450937345,0.00173428071458252,0.0428404361002525
"SLC16A9",1308.23319965452,1.17763248439561,0.384924354528659,3.05938678740561,0.00221790597408528,0.0498462291001628
"COL13A1",232.046036363268,-1.7188119881344,0.549817002713109,-3.1261528465886,0.00177109473730174,0.0431543118885999
"ZNF503",572.269769627184,-1.58602976726922,0.331536734270275,-4.78387340926227,1.71949000774709e-06,0.000160577566856073
"LOC112532693",28.6082410880161,-2.61178356913114,0.564874946522473,-4.62364915493244,3.77047394640925e-06,0.000309380199592988
"LOC112532650",60.7932143554793,1.57010115641562,0.461188441437754,3.40446770851592,0.000662931378676941,0.0209449141939744
"LOC124418398",14.6400386049169,3.34817895673987,0.938088629069639,3.5691499214317,0.00035814144251564,0.0135745976060394
"LOC107053662",402.117848679738,4.43278078338827,0.489218584326744,9.0609411118112,1.29329818977611e-19,1.18586360721283e-16
"HPSE2",235.28820213823,1.28000864450903,0.311989963839595,4.10272378238144,4.08314608327004e-05,0.0023490605067319
"ANKRD2",1026.22833237495,-3.36818303026208,0.960930610172176,-3.50512617103392,0.000456390939474496,0.0158732017488424
"PGAM1",186710.585168752,1.69137540014921,0.269878517643956,6.26717315225735,3.67661258979666e-10,7.67231884016455e-08
"RBM20",5068.99034599234,2.75902710544187,0.453060271827405,6.0897573170859,1.13081973629908e-09,2.10046659369927e-07
"LOC121111207",8.88771748648301,2.48707342955084,0.783296272683958,3.17513757729104,0.00149765476131719,0.0390661395533094
"LOC107053740",44.190012863381,2.1686327492118,0.585075813882723,3.70658416867407,0.000210073441443584,0.00896684692101239
"GPAM",2186.22276142278,-1.37171918003721,0.340617421571415,-4.02715508123124,5.6455798039233e-05,0.0030585652380037
"GFRA1",95.6256289229248,-1.20693138173075,0.352004362350547,-3.42873984194779,0.000606390485784716,0.0196669927294486
"HTRA1",6005.65839177601,-1.02144765810793,0.237708705607741,-4.29705616164304,1.73081354685005e-05,0.00114281021025025
"LOC107053787",34.1469804739321,1.95440903147677,0.433069730022627,4.51291996643278,6.39411553745462e-06,0.000474033925129804
"RBM44",669.382968570701,-1.13939794237827,0.300335458864087,-3.79375098327597,0.000148388493316016,0.00670644572866474
"ASB18",374.10890586728,-9.13458703864968,1.26199333820813,-7.23822128222932,4.54607295902738e-13,1.82957788634381e-10
"LOC101747789",144.205769053068,1.14694911646522,0.23025440870774,4.98122543191361,6.31828835546146e-07,6.59247086866451e-05
"GLS2",14783.4159074915,1.71026953286706,0.303556959517869,5.63409758611178,1.75977357789133e-08,2.54234639205959e-06
"AOX2",1717.9632392571,1.38598305854976,0.376768343020331,3.67860804716008,0.000234510340810716,0.00976337017419589
"ALS2",2291.9683482799,1.08999160673677,0.201100264795888,5.42014008705106,5.95523513221379e-08,7.5685217623917e-06
"CDK15",68.2157419191651,2.09929841296968,0.557832406465285,3.76331383519276,0.000167676560408106,0.00743894199626826
"OSBPL6",1161.3981663314,-1.09534425115972,0.32715641218853,-3.34807514189423,0.000813749444637088,0.0247388612638502
"HOXD9",68.2749657094112,-1.84092607526127,0.30695074186581,-5.99746416663189,2.00422572706684e-09,3.49251829532069e-07
"HOXD10",15.9023472010853,-2.74930273087402,0.763070809063172,-3.60294575315934,0.000314631209128458,0.012310674370135
"HOXD11",7.26984281584165,-6.62355354849226,1.40298420722546,-4.72104640549803,2.34634393986338e-06,0.000209023984003944
"HOXD12",6.52111049932042,-6.8092276223751,1.55697644167362,-4.37336586483978,1.22345428910093e-05,0.000851030775665557
"HOXD13",4.37409284915292,-6.19517038245685,1.61096274182527,-3.84563231762737,0.000120241955933927,0.00569313664188004
"LOC121111241",16.0041592214809,-4.66316820881796,1.0867334206965,-4.29099549163517,1.77873926425745e-05,0.00115638576091322
"LOC121111242",28.4471252324156,-5.07083668953506,0.932358678574869,-5.43871881718948,5.36650715984766e-08,6.89908089557403e-06
"LOC101750880",155.245159595508,-6.09720215344587,1.48967367125065,-4.09297839595097,4.25867412579558e-05,0.00242148737539499
"LOC121113409",18.883420114692,-5.48308359742883,1.50765083870228,-3.63683915179488,0.000276004161500722,0.0111610008178151
"LOC112532793",77.2482657887152,-6.85958888106551,1.96304766588001,-3.49435675979392,0.000475205535313675,0.0163260145597704
"LOC121111246",45.2473341105437,-2.25486195319745,0.704835743534868,-3.1991311080351,0.00137842467056798,0.0367500192533289
"LOC121113402",69.7853153605362,3.88977257689522,0.537685596720817,7.23428821716217,4.67976989916826e-13,1.83958489780561e-10
"LOC107053827",1385.50705051524,6.0685924041146,0.400438189513331,15.1548792373924,7.03446002394555e-52,3.96344925949172e-48
"KCNH7",197.368474122732,-2.40365415726293,0.3850328104003,-6.24272553490693,4.30011081474169e-10,8.75720157850347e-08
"PRKAG3",3612.80047513263,1.29043035146555,0.406642812014131,3.17337553582701,0.00150677490735272,0.039183101936897
"NCKAP5",170.203596758538,-1.06988319776622,0.26636795210775,-4.0165612615944,5.90535179177487e-05,0.0031789223355532
"THSD7B",201.043693339711,1.18138466545045,0.355705491365155,3.32124382144465,0.000896172105577714,0.0266221390168367
"LOC121111338",33.8850079767152,1.71697459598644,0.48945743662137,3.50791400338789,0.00045163501840335,0.0158053555198174
"LOC771456",3500.670047772,3.18094461832167,1.01662020655992,3.12894097303601,0.00175437547008087,0.0430394899430726
"LOC107053858",909.798680914253,-2.02678485594164,0.362128041742506,-5.59687354281944,2.18251779557343e-08,3.04885109905601e-06
"LOC121111251",45.6458572152639,2.62720986503669,0.468710014526567,5.60519251480123,2.08023615810735e-08,2.93018598170738e-06
"NR5A2",128.416049515238,-1.12898724882875,0.368707740836106,-3.06201124573242,0.00219855192571133,0.0494835195742992
"LOC101750820",40.6509802156256,-1.50204417183476,0.447989304736718,-3.35285721322634,0.000799819571898904,0.0244472879273186
"SELP",1245.9766618433,1.7686027888645,0.323289535289546,5.47064657468884,4.48396687940666e-08,5.87538698934967e-06
"FMO4",7.13079448367026,6.99753118037675,1.4822854237475,4.72077176788641,2.3495145534942e-06,0.000209023984003944
"PRRX1",386.756085449852,-2.23413744360227,0.602597759143442,-3.7075103743797,0.000209306844627681,0.00895674327782705
"METTL11B",3558.25077515683,3.33771724983507,0.385393244244125,8.66054945094163,4.69495711142105e-18,3.45038521975435e-15
"LOC121113424",18.346011456174,4.0065787058324,0.854124565672855,4.6908599364264,2.72059170754627e-06,0.000231725977635404
"LOC107053930",58.5885902718406,3.55411955223054,0.517400309518886,6.86918713971277,6.45687575986951e-12,1.91474685910657e-09
"GLUL",8442.45253843745,1.41598397113969,0.279808487104202,5.06054689689369,4.1805561459006e-07,4.50088793211197e-05
"LOC101751179",211.389956524851,1.27875706737702,0.408271776812861,3.13212213040914,0.00173547666261115,0.0428404361002525
"RFWD2",1062.75640601137,1.04171148698899,0.287527978615753,3.62299172415884,0.000291215143231324,0.0116818552315151
"COL11A1",147.679937992753,-2.32925565914597,0.653697823987873,-3.56319934635301,0.000366362249037992,0.0137920291659002
"LOC424473",2341.18750957382,1.01769665323685,0.322692132913947,3.1537696442951,0.00161176253803615,0.0409555418122196
"AGL",58146.8197794448,1.03857352991822,0.263150498634959,3.94669033615978,7.9238933498026e-05,0.00404848680595091
"TRABD2B",252.109913883716,-1.83077043062453,0.478978696724542,-3.82223769688319,0.000132246119957505,0.00610753050721777
"LOC121111418",115.387249169936,1.46315504399018,0.285542903023005,5.12411630091294,2.98936432390306e-07,3.34630630244592e-05
"LOC107054027",36.0314383342387,3.36911718718752,0.604217324020463,5.5760022979305,2.46108676104003e-08,3.40981553457865e-06
"LOC121111460",11.2855036396882,6.72394636453398,1.47324233712945,4.56404638603811,5.01769846517758e-06,0.000389055766774755
"PGM1",111594.777607331,1.83200566165824,0.252419911595969,7.25776999950229,3.93523938435463e-13,1.66293378284366e-10
"LHX8",20.4801347479978,-3.15567879611855,0.723916332507392,-4.35917612908164,1.3055300978486e-05,0.000889813517900601
"SAG",66.2579319981761,-1.56687180864121,0.477003072214357,-3.28482540241813,0.00102045586358035,0.0295355572981142
"KY",1399.61802295849,3.00372104475953,0.848973193393049,3.53806347259883,0.000403073152695737,0.0147827289846171
"KLHL30",1933.83441566732,-1.07206532658603,0.326698512661674,-3.28151272514745,0.00103251865412126,0.0296813993377751
"LOC107051845",15.679164607215,1.53734254266661,0.467773096468372,3.28651338495811,0.00101435953047917,0.0294599985286761
"ZIC1",109.652904611616,-7.80916965904002,1.06694250290835,-7.31920383502695,2.49446454616781e-13,1.17122039510762e-10
"PPP1R2",7206.83273710816,1.04713736347315,0.192558667665642,5.438017286718,5.38767484006254e-08,6.89908089557403e-06
"CLDN1",628.385597633057,-1.31319837711942,0.409597472347413,-3.20607051013634,0.00134561011623964,0.0363626014593104
"NPPC",160.497118452426,1.02293860250578,0.289035249516128,3.53914826727283,0.000401420321872291,0.0147827289846171
"NCEH1",4929.61264500393,1.2933218732409,0.389354513456666,3.32170766882568,0.000894683762083806,0.0266221390168367
"GPR160",216.762309758257,1.79717953090085,0.475062867391691,3.78303516073182,0.000154927518929015,0.00696473365015197
"LOC101748152",244.85652910629,-10.2947838365261,2.65327902521089,-3.8800230728496,0.000104446556474315,0.00511727577995751
"CLRN1",37.0196954814225,1.40307036138599,0.357594398777753,3.92363629347004,8.72223836564361e-05,0.00441413158965491
"TM4SF1",60.9245186982598,1.8317941422049,0.372876438444353,4.91260362238809,8.98748559278311e-07,8.93620405734194e-05
"LOC121111520",37.4466416559366,1.72982181554514,0.396071038030883,4.36745343498269,1.25703584928741e-05,0.000867252120836939
"PKLR",365854.70933462,1.7413028428845,0.238451817343934,7.30253542321683,2.82394927307152e-13,1.25613722533494e-10
"DNAJA4",4248.40957979633,-1.37691721742975,0.450550652810078,-3.05607640082628,0.00224254105454308,0.0498758834801864
"RPS27L",2430.01393061571,1.2520430692572,0.252292291131013,4.96266875077458,6.95311093638189e-07,7.12293540349473e-05
"RHCG",5.85999188317797,4.3838086812995,1.33233380035994,3.2903231007989,0.00100072402353858,0.0291140071770612
"AGBL1",846.69551779289,-3.47711242675709,0.47612341257293,-7.302964598962,2.81495266510117e-13,1.25613722533494e-10
"LOC101748407",21.5979391067276,-1.33571403946766,0.431137431080594,-3.09811661706073,0.001947547753987,0.045784978700476
"NR2F2",2780.15309343094,-1.11505537013028,0.252056967518305,-4.42382284095875,9.69695470725959e-06,0.000682948439236704
"PGPEP1L",810.158988862911,3.20540276811395,0.491417277118055,6.5227718221716,6.90198229153079e-11,1.59813981744856e-08
"KBTBD13",405.252655028549,-1.70398074523469,0.375534595563681,-4.53748007604199,5.69304071057483e-06,0.000429595835405564
"LOC107054229",12.5887806143244,5.16188378550531,1.1309170214371,4.5643346838532,5.01080867658462e-06,0.000389055766774755
"FRMD5",2617.26348508686,9.25758713013279,0.439965795477856,21.041606473244,2.72971861805382e-98,2.30702169004819e-94
"WDR76",212.847165770357,1.07607696224351,0.289534877626987,3.71657111247869,0.000201944819971929,0.00869826597975752
"MT4",1268.01640944259,1.06710655219838,0.314995069046262,3.38769287858808,0.00070483139796022,0.0220217469865464
"NKD1",148.760478278501,-1.15676739773572,0.301112049163847,-3.84165097659801,0.000122209529659125,0.00574610002744011
"PHKB",27354.3754566856,1.56760275958892,0.257561195702724,6.08633127095062,1.15527284432407e-09,2.12256270517497e-07
"GPI",63928.6315097853,1.67569366894378,0.248784409198439,6.73552524590553,1.6333879930277e-11,4.24756265325341e-09
"CRISPLD2",3608.60313032673,-1.48302469873584,0.463313566793713,-3.20090928698434,0.00136994653731886,0.0365941275078677
"HNF4beta",41.2873791385136,-1.97372848354719,0.499402386007674,-3.95218072409623,7.74422172832289e-05,0.00400307583712054
"JPH3",2575.5030288991,1.26919335966336,0.315871029304437,4.01807459980797,5.86756227134129e-05,0.00316867108857769
"LOC124417151",263.877526979419,1.23594300503326,0.304714747242597,4.05606560305161,4.99062475956812e-05,0.00273884838672013
"SLC7A5",5238.3180456159,2.04225504559522,0.447054915551007,4.56824200910103,4.91831962635357e-06,0.000387545647226371
"SPIRE2",75.5721358133914,3.36572404820791,0.843579561085168,3.98981222811787,6.61256224624433e-05,0.00350382882909931
"TNNC1",100209.500246061,5.37908718909669,1.2107412609407,4.44280488542806,8.87936809462689e-06,0.000635965927557112
"PCBP4",351.808442454104,-1.0900535070051,0.293311329282621,-3.71637028024503,0.000202105330033661,0.00869826597975752
"LSMEM2",522.809565875354,-4.14060476902934,0.459172432119761,-9.01753781235149,1.92364004194189e-19,1.62576438144719e-16
"SLC6A1",85.6377398357207,-1.70443315180201,0.503309575769392,-3.38645087210293,0.00070802952347036,0.0220593448538587
"SLC6A6",7037.18536056229,-1.09817586403795,0.279457786288135,-3.92966636794895,8.50638053856266e-05,0.00431781832562536
"LOC107054431",152.576591981552,-1.16980948119544,0.336729908401464,-3.47402904229328,0.000512705536781564,0.0172979275213948
"LOC107054403",294.868937231911,3.22681251319675,0.655145842615205,4.92533464047636,8.42161033012391e-07,8.42310529053754e-05
"PROB1",5025.1656580355,1.12051019691793,0.230218021833378,4.86716977235129,1.13207774185903e-06,0.000110609884801406
"STC2",861.811391349861,1.67538598377835,0.317889862399009,5.27033473522803,1.36175188165459e-07,1.63246042947571e-05
"SIMC1",1383.77789887363,1.07655361106465,0.261195542043152,4.12163853427021,3.76187139983419e-05,0.00218511726018548
"CCDC69",207.50800782692,1.44714588084283,0.289132658232754,5.00512771434441,5.58250058554054e-07,5.97221565806277e-05
"MYOZ3",15528.3302923785,1.35180559193793,0.283424744817942,4.76953976903555,1.84647288846268e-06,0.000171488633152114
"LOC771030",55.8106131971622,-2.40773659267763,0.621869440756069,-3.8717718461134,0.000108047064779043,0.00523300726636152
"MYOT",10171.1944286557,-2.46150706747195,0.434018382767549,-5.67143504792579,1.41606289330437e-08,2.06342336944171e-06
"KLHL3",1069.33587702474,-1.45990510989822,0.389888800411122,-3.74441406975221,0.000180815246110803,0.0078974679716044
"PITX1",79.2634461584057,-6.40747637809506,0.732672095711667,-8.7453533655752,2.223187746601e-18,1.70811556730894e-15
"LOC121106706",66.7877819364977,1.59132205375586,0.434133906643087,3.66550971809747,0.00024684643704581,0.0101330139267844
"LOC121106830",5.39023560143634,-4.24013425984067,1.27697708347121,-3.32044663504432,0.000898735393878709,0.0266514462504067
"LOC121106779",13.5722419743853,5.73452393152638,1.69124930241421,3.39070291017445,0.000697136270939639,0.0218621417211368
"MYO15A",86.3227726708764,4.11846989798335,0.83207869532723,4.9496158489717,7.43601054905402e-07,7.52640037788384e-05
"ALKBH5",13653.2961938253,1.82003697524949,0.19019233834412,9.56945474825827,1.07470951739201e-21,1.39737038249824e-18
"BRICD5",16.0026512187509,2.31995185064807,0.692310773042636,3.35102665014458,0.000805125536654011,0.0245282359309609
"PGP",1039.51541095055,1.94026357737183,0.276612383185158,7.01437714042275,2.30975587263799e-12,7.65525559121568e-10
"IL9R",22.9664084038977,1.97933719634207,0.559757525017151,3.53606179082885,0.000406139685457841,0.014838786751102
"LOC107054633",43.9566097026777,-2.50289355648624,0.532691505178615,-4.69857981994101,2.6197680163447e-06,0.000224781415128297
"ABAT",884.987814134442,1.65468085662704,0.278349093155244,5.94462456432065,2.77091192740319e-09,4.57425342403593e-07
"RBFOX1",409.069603431914,-2.01068090667767,0.277345094601005,-7.24974389603062,4.17560415139814e-13,1.72146919441665e-10
"LOC121111818",23.9456524873909,2.00986581861301,0.431742547210063,4.65524148963506,3.23601195086771e-06,0.000268128970615279
"LOC112533456",984.20260161856,1.1205453616022,0.336250897399845,3.33246801798044,0.000860793634528974,0.0258641678265356
"CCDC92",90.4457662461216,2.22152738037845,0.567199509483117,3.91665955847336,8.97843990868823e-05,0.00449001685729459
"MAPKAPK5",147.734561870936,1.26083588560013,0.265223158863782,4.75386799177554,1.99561364546929e-06,0.000181354072308427
"TBX5",29.4984764479705,6.77351548191018,1.10586320378518,6.12509346429611,9.06303899448195e-10,1.70213942359698e-07
"TRIM7.1",3003.71208792748,-1.26689885890931,0.290360434549661,-4.36319383828664,1.28177277313489e-05,0.000877158104627491
"BTN1",4649.01632149848,-1.38834784130528,0.357950574366745,-3.87860207728796,0.00010505844192046,0.0051323781612183
"DPP7",1006.67709342674,1.21231892571229,0.283656194051132,4.27390253108226,1.92081029266884e-05,0.00123450404475214
"ST6GALNAC4",2207.14158322874,1.25759724142572,0.365466609398437,3.44107288897267,0.00057941242688061,0.0190171034010931
"LOC101749173",105.123786012091,1.93110993324839,0.487110313673816,3.96442013038862,7.35745749169802e-05,0.0038182693602213
"STRBP",645.378535680073,1.2225486074391,0.229442137122252,5.32835259805699,9.9107581701606e-08,1.21371330410695e-05
"MYH1F",159760.124399398,-3.1510788090609,0.892643263380982,-3.53005387295015,0.000415475057394598,0.0149638623571751
"LOC107054726",546.848232542582,-3.30347024172358,0.555797802391927,-5.94365473830014,2.78736379740697e-09,4.57425342403593e-07
"LOC101750300",464.771481720082,-3.49046424071255,0.995425059268912,-3.5065062992046,0.000454030689682804,0.0158563651812158
"LOC107054724",2550.39342634767,-3.15762597760245,0.471755877316027,-6.69334740579644,2.18122470435963e-11,5.42194723202807e-09
"MYH1E",545075.948945682,5.90344939759281,0.448568368118774,13.1606457725741,1.4781704974063e-39,4.99710318353172e-36
"MYH1C",47365.2294714421,-1.73267476516537,0.468669798317975,-3.69700537859241,0.000218157722012364,0.00924190469968668
"MYH1G",31075.2232537815,-2.50994477016154,0.370687682514978,-6.77104983130948,1.27851225045966e-11,3.53320438498754e-09
"PIK3R6",1590.78328661014,-1.11585239596688,0.26909048243336,-4.14675534369083,3.37220063321524e-05,0.00198607342519991
"LOC124417292",127.667484112041,1.4260798888352,0.454451520865318,3.13802424100114,0.00170090809511673,0.0425932585655677
"NOTUM",834.503078192944,1.25268719842992,0.185059991124597,6.76908709882361,1.29597510423728e-11,3.53320438498754e-09
"SLC16A6",459.345568153784,2.17815727253228,0.627964249307756,3.46860076020791,0.00052317629698922,0.0175491737949932
"LOC107052241",21.4012184584853,-2.80636282730534,0.576727160263526,-4.86601467845388,1.13871064215779e-06,0.000110618540140191
"CDC42EP4",607.952865798148,-1.39439468829264,0.236691064413916,-5.89120122360927,3.83398347708083e-09,6.11375685972616e-07
"SOCS3",901.930396157985,-1.71632373343903,0.553392645445233,-3.10145743273865,0.00192570557050859,0.04550773071213
"PSPH",2007.98997342449,1.1453995767897,0.373036887550445,3.07047269322611,0.0021372022834476,0.04875186261419
"PROCA1",667.280881009974,4.88178563004063,0.95882585051884,5.09142054044433,3.55390803891881e-07,3.90076023258732e-05
"SLC47A2",66.3791706835018,-1.92434832348968,0.595870274618319,-3.22947528255594,0.00124017601173169,0.0343650739775423
"LOC121107274",103.478669209951,6.41832500324253,1.41740998565987,4.52820642451909,5.94864550772107e-06,0.000446888688964485
"TBX4",42.8847883601327,-7.13741390346982,1.08119301547615,-6.60142435375107,4.07226047063261e-11,9.83334553358614e-09
"LOC107054812",1148.04975370366,1.41180279048387,0.444365229496513,3.17712254868256,0.00148744168560903,0.0388597014093499
"LOC124417317",199.806915223086,1.17410784553507,0.378200803185188,3.10445624558909,0.00190629120891784,0.0451922023903761
"SMTNL2",27369.578183053,-1.66258438279231,0.235985525623,-7.04528118156016,1.85087362231177e-12,6.37999596129245e-10
"LOC107054823",8.4641001196229,4.94417807045354,1.52955222713809,3.23243494581711,0.00122740079124412,0.034179168985831
"LOC107054866",92.7348712091316,-2.00477028255441,0.395679909524596,-5.06664663607285,4.04884879759948e-07,4.38703148883487e-05
"MYT1",7.96731060842933,-3.13058833908772,0.983786535825153,-3.18218254172582,0.0014616966040997,0.0383649964271697
"RNF207",477.55831662612,-1.21220987390018,0.353984662377717,-3.42447004838502,0.000615999742172421,0.0197575780681982
"PLA2G2E",90.0116936087347,1.14862876134426,0.347209372925065,3.30817325485091,0.000939066945982472,0.0276533947525117
"LACTBL1",132.504263981546,1.58874216657665,0.36362618156884,4.36916329765402,1.24723479087066e-05,0.000864016789757656
"LZTS1",46.3005719681018,-1.59473009708615,0.450625222502784,-3.53892773295951,0.000401755821975921,0.0147827289846171
"DUSP26",2142.73350498859,-1.13011426419618,0.333739912990611,-3.38621249723876,0.000708644871066986,0.0220593448538587
"LOC107054964",184.714575716968,-2.64482477177966,0.478781400990648,-5.52407584402244,3.31224369638911e-08,4.44340120635438e-06
"ZNF703",537.628657298178,-1.44665021864621,0.458246444846559,-3.15692622368431,0.00159441680881102,0.040710615286001
"EIF4EBP1",10022.4174126178,1.10349133999883,0.199609315081257,5.52825573069883,3.23430357361732e-08,4.37355466438829e-06
"EDN2",320.529861328527,-2.71901483764462,0.519485342927118,-5.23405496356051,1.65831105145762e-07,1.96017004914602e-05
"FHL3",5849.01139548492,-1.66556023933659,0.459768430648997,-3.62260679139176,0.000291648991758821,0.0116818552315151
"KIAA1522",210.405563058728,-1.15875923168953,0.36782876602228,-3.15026811040479,0.00163120691869721,0.0412758840520045
"NRGN",318.323061962802,2.26818204952984,0.64018599493454,3.54300479466403,0.000395595509914165,0.0146480557258367
"MFRP",41.2912495151688,-4.15985320325569,0.58217806228427,-7.14532798940213,8.97812538959155e-13,3.22887773319715e-10
"CADM1",1108.40864129365,-1.01378054223778,0.18517492171264,-5.47471835204013,4.38208008709426e-08,5.78674216501206e-06
"SCN4B",1217.76057450901,-1.17328783808168,0.341232467374258,-3.43838277497445,0.00058519984912733,0.0191327525141185
"SLC37A4",7989.82198703059,1.79805606686885,0.261558863838644,6.8743839932646,6.22582978960808e-12,1.87920001667402e-09
"TTC24",425.812106980903,-1.80198376246507,0.415409472654316,-4.33784947404076,1.43883638549368e-05,0.000965105215238081
"LOC776719",12.0875216190103,2.24664959327126,0.727974999322,3.08616311736485,0.00202757558917057,0.0470770744282283
"PKP1",106.160165368698,4.27342269364101,0.684883066653281,6.23963841670568,4.38583512524467e-10,8.82544894309651e-08
"IGFN1",83792.5139432523,10.1177672486074,0.4074271407355,24.8333167749759,3.91638514825878e-136,6.61986581610182e-132
"TMEM9",87.0108537978448,2.71027216085916,0.602066634871698,4.50161494406134,6.74390771100205e-06,0.000491346000168395
"TMEM183A",3559.05048255941,1.28638013664592,0.156211844572773,8.23484378002239,1.79792095606795e-16,1.01300859734722e-13
"CDKN1A",1684.03750946996,2.06220010467618,0.433356609129559,4.75866771437576,1.94874934790785e-06,0.000178052487717224
"PLEKHA6",274.965964347624,-1.1035971594532,0.349566230361467,-3.15704740218193,0.00159375435839662,0.040710615286001
"DYRK3",3002.66584819066,1.40574485096946,0.235428414409544,5.97100759691681,2.35792762370521e-09,3.98560506234892e-07
"TFEB",2131.18729391942,1.42106138476074,0.201658363762451,7.04687550889145,1.82979884782193e-12,6.37999596129245e-10
"LOC107055286",546.404289976974,-10.0323238197932,0.89424603995189,-11.2187511843306,3.298960222093e-29,6.97029057925475e-26
"LOC121107685",16.5264019316181,-7.3429918423942,1.26691869866879,-5.79594558838686,6.79372894194794e-09,1.0535266083096e-06
"LOC124417427",9.3881097015662,2.88332250715031,0.940024126605128,3.06728564251149,0.00216012328901477,0.0489793153365388
"FSTL3",261.251863678097,-1.3252970632193,0.367666020529458,-3.60462210054333,0.000312607456986401,0.0122598697110003
"DIRAS1",41.6774447034254,-1.30128049530189,0.400755172053985,-3.24707099507277,0.00116599300499249,0.0326845435545409
"HOMER3",7326.87769227061,2.21266694453282,0.353358623386584,6.2618167439262,3.80517962996215e-10,7.84377454698172e-08
"PDE4C",829.135709795595,-2.79980672764104,0.464139933457061,-6.03224701392789,1.61695361045347e-09,2.87698598710474e-07
"CPAMD8",888.496337613042,-1.38438196635636,0.361737624858401,-3.82703338337633,0.000129696930765417,0.00602271214485669
"LOC107050163",4633.64586617836,1.23674822295744,0.26248634520043,4.7116668945696,2.45698758948175e-06,0.000214074542396959
"LOC101748207",57.4035798082157,3.81034496892402,0.571198174927279,6.67079331863959,2.5442432004157e-11,6.23265837922123e-09
"SBK3",220.957953895911,5.7260964529251,1.50161956802366,3.81328039062613,0.000137134381812456,0.00629136003373458
"RND1",84.6404189297422,1.17304335283744,0.32810967869968,3.57515620229883,0.000350018856422825,0.0133552341537585
"FIGNL2",31.3157605689866,-1.40054672676789,0.436873408726427,-3.20584109445059,0.00134668334103581,0.0363626014593104
"GPD1",51319.0917037382,2.11466965087872,0.250657380952895,8.4364946399728,3.26996666713767e-17,2.04712024350474e-14
"LOC121108087",365.88297580708,1.52974464991406,0.269713177042514,5.67174606256974,1.41349392463481e-08,2.06342336944171e-06
"ZNF385A",99.3743179808324,-1.63954954149884,0.419366106027182,-3.90959001677779,9.24528992641878e-05,0.00458278990106324
"HOXC8",42.8111641145449,1.38932880028582,0.453236649347292,3.06534964082583,0.00217415666032593,0.0491964792898115
"HOXC9",61.8495875678471,-5.06103636424846,0.731307702188323,-6.92052927803729,4.49959307688751e-12,1.43503059959678e-09
"HOXC10",1563.48558797391,-14.0876412262964,1.20708969972213,-11.6707492653937,1.79832376387819e-31,5.06617776347216e-28
"HOXC11",70.9202576695248,-7.92265531104451,1.15960538254267,-6.83219949675683,8.36224465252271e-12,2.43701760968261e-09
"LOC107055410",580.361662857055,-10.4530195362254,1.15380244929558,-9.0596267520555,1.30897697371067e-19,1.18586360721283e-16
"SP7",22.1138596808475,3.0550200881274,0.671437339597306,4.54997050053791,5.36534368864955e-06,0.000408515334996592
"MFSD5",1530.00355103468,1.11862591830533,0.197166803934357,5.67350028495547,1.399088681787e-08,2.06342336944171e-06
"GPR182",154.301726897687,1.41787380911367,0.416863522878808,3.40129018562719,0.000670685912954233,0.0211109943885762
"ALDOA",116235.003827562,1.58636275641085,0.262871512056378,6.03474581175087,1.59213102460273e-09,2.87698598710474e-07
"LOC107050559",151683.842153826,1.64893809567034,0.268951138189529,6.13099504530946,8.7331125576238e-10,1.65860451192714e-07
"LOC107055388",387.439460280861,2.33491910385726,0.455234425008839,5.12904775119308,2.91211474995076e-07,3.28156504122785e-05
"SSSCA1",185.645075712552,1.15341413340988,0.299324089403802,3.85339561445677,0.000116490939570959,0.0055466094410364
"LOC101751955",370.520399528495,2.89447886006577,0.427182265501214,6.7757467802875,1.23765285624442e-11,3.48667437151658e-09
"ALPK2",1042.71362065683,1.46378307268455,0.232675857406076,6.29108274920801,3.15259213429607e-10,6.66103310575081e-08
"TPM2",290257.084028412,-4.90143595473766,0.358214251618775,-13.6829730603626,1.28336143638468e-42,5.42316458980258e-39
"NPR3",2323.76796493727,1.28169452156595,0.215825201634405,5.93857673645111,2.87507074166507e-09,4.67281930253507e-07
"AGXT2",67.4302103646049,2.62604914187485,0.526383142331924,4.9888549436466,6.07382310890652e-07,6.3767597521644e-05
"NIM1K",251.835544017747,2.2922920027331,0.23026775945934,9.95489775952708,2.40069511476776e-23,3.38157912707662e-20
"BHMT2",4279.54521238846,1.08664747524749,0.321841596815926,3.3763425424122,0.000734564037636663,0.0226989687900777
"F2RL2",301.600297247132,-1.02549061326839,0.273695149650411,-3.74683517255693,0.000179079671843921,0.0078419266662637
"TMEM171",175.352984089469,1.55111119099491,0.242819461952859,6.38791956180201,1.68157746109727e-10,3.6913901071334e-08
"ADAMTSL1",470.371988220585,-1.00302899539143,0.316150926508189,-3.17262709450086,0.00151066422215287,0.039223897614516
"FBP2",17567.2300034186,1.35222064409446,0.26017331965397,5.19738398192753,2.02112601007916e-07,2.3399378731759e-05
"DIRAS2",462.160081822201,1.75892145372491,0.315919068284096,5.56763307538994,2.58222857834785e-08,3.54856989104176e-06
"CAST",4475.89978338416,-1.11976006112519,0.155305834948147,-7.21003213755012,5.59386732128114e-13,2.10118087403589e-10
"GLRX",1152.44481080571,1.57166902470504,0.29023794902346,5.41510519211254,6.12526846004642e-08,7.72652334180333e-06
"RHOBTB3",2449.08795604339,4.01483975744101,0.36940686422457,10.8683409710554,1.63140331057665e-27,3.06395668429746e-24
"LOC100859691",11.7557346523906,-2.55535245430412,0.728327936151485,-3.50851907151428,0.000450608925552747,0.0158021632129006
"HEMGN",7.48570957805612,4.69985349714854,1.51451752453264,3.10320179266256,0.00191439058283806,0.0453206498903526
"TMOD1",2145.62497379585,-1.59262004417465,0.38142588452293,-4.1754377686418,2.97413553393163e-05,0.00178903248861375
